"id","growth_2_6"
7242,6.3792549100317
7243,2.38368590002368
7244,3.79298130001417
7245,6.67082325406598
7246,4.21161913171575
7247,3.100450056027
7248,5.02570241809573
7249,6.04716865022938
7250,1.31683169200059
7251,1.15604162315458
7252,2.48545427319193
7253,6.46076193395512
7254,5.44649733394224
7255,3.65592467691652
7256,1.23368098011294
7257,0.764576095619439
7258,1.63107236894435
7259,3.0168278826205
7260,6.38633016116652
7261,5.4515785828796
7262,1.4423190228435
7263,4.75358537228899
7264,3.29763272564666
7265,3.7910251514065
7266,2.8714959663927
7267,4.44769586065895
7268,5.77784749269665
7269,3.09566911049774
7270,5.64895399055145
7271,1.46637340063224
7272,6.54336347669473
7273,4.52406583392169
7274,5.3236781797673
7275,6.18668312488017
7276,3.46951913384127
7277,0.859319401409386
7278,3.50127164558829
7279,1.7473827979403
7280,2.59729142001795
7281,6.89597640441248
7282,0.93908943504409
7283,3.00659042789986
7284,3.62450937706849
7285,1.95513718697946
7286,2.53401229877049
7287,6.74033844227927
7288,7.20700215486804
7289,5.16319989386409
7290,4.03109625920046
7291,2.93955445166658
7292,1.34237342026954
7293,5.94355558943219
7294,3.90579412364842
7295,4.0372395994742
7296,1.49345013857656
7297,0.748537917533175
7298,1.39509992429129
7299,3.24775729421022
7300,3.84914275875328
7301,1.93359468696368
7302,1.89904461052252
7303,2.23970615552623
7304,7.50145137944724
7305,4.2073381831054
7306,2.97652895032894
7307,7.07497271048465
7308,7.05483067474858
7309,7.28118200930503
7310,0.792512676867344
7311,3.64889057396614
7312,6.43388511217175
7313,2.04844517732676
7314,3.55255112437607
7315,3.20662127124155
7316,2.816130320359
7317,1.10709837335049
7318,3.13995886698948
7319,3.54338143083326
7320,0.49537114576554
7321,3.13178652416741
7322,3.30611452697251
7323,1.61667002750036
7324,0.936916899072555
7325,6.19096371834828
7326,7.27883167512643
7327,3.48110410398223
7328,0.768922862324956
7329,2.21252388646447
7330,1.63214646675464
7331,5.82477219655727
7332,5.60499006186065
7333,3.02535959347304
7334,2.73022898700367
7335,6.67885983168606
7336,6.21745358351359
7337,1.96772174976732
7338,4.80678731495814
7339,1.08651448149517
7340,6.82427559975001
7341,6.91950237094272
7342,6.48689725226823
7343,3.0561881158393
7344,5.32157696870699
7345,6.82184583058802
7346,5.06240596957329
7347,7.34961142487434
7348,6.50466520035131
7349,2.86502224758426
7350,3.44631551918578
7351,4.20907890173393
7352,4.62801125961199
7353,7.29352228557116
7354,7.46970539997332
7355,2.99794533750421
7356,4.79367127739509
7357,6.40788270486565
7358,7.02054476108338
7359,0.960736671304661
7360,3.89220367578709
7361,0.937973372841023
7362,2.79106007068935
7363,7.57359267274955
7364,2.70025103133303
7365,6.68794785619899
7366,4.20983636000236
7367,6.39939400638727
7368,6.8593951412162
7369,1.28293682089995
7370,0.905128796145579
7371,2.96611793239525
7372,4.57398347630785
7373,4.93970369646099
7374,3.22897974769544
7375,3.54460357497069
7376,1.80877958474187
7377,3.46029209736637
7378,7.1076492479838
7379,1.78046115619947
7380,1.84675902980385
7381,0.983840290666337
7382,1.15002301908186
7383,6.67232523382838
7384,7.09811346393119
7385,0.99792614441368
7386,6.6444457550101
7387,3.09682598866675
7388,3.08134732279101
7389,5.16673806090715
7390,3.04017212924288
7391,3.42142489613573
7392,3.75718282800197
7393,1.44185894790348
7394,1.17218549236845
7395,5.12196948378457
7396,5.21162370724772
7397,7.15473277851297
7398,4.33564357849375
7399,1.20855402623617
7400,4.18623555993013
7401,3.26083732841813
7402,3.65604905860062
7403,5.14165878921742
7404,6.32533598295574
7405,0.686888751165641
7406,2.4051095889279
7407,6.34812948771979
7408,1.51865906778461
7409,1.68362441754687
7410,1.30958863335097
7411,0.614544464311654
7412,4.52948062267596
7413,4.80538536703469
7414,2.87523828789253
7415,6.98127070150584
7416,7.39884956937619
7417,2.85726534188195
7418,5.91768495212856
7419,3.89095414082002
7420,2.17946791983115
7421,7.26489167083449
7422,0.909529708375948
7423,1.53538757764178
7424,7.18026316406099
7425,6.6536843556892
7426,0.765358555238383
7427,2.79716795990037
7428,3.63905198254106
7429,4.16553780219408
7430,3.16619357318894
7431,3.47464850991399
7432,5.06192538259583
7433,4.11810331888019
7434,3.2896714694586
7435,4.18229948766941
7436,6.51142987001787
7437,3.29229401994136
7438,3.12361951408207
7439,0.707768288551105
7440,6.13337784823073
7441,6.72580009158139
7442,5.01475248188162
7443,6.44771637141591
7444,3.51252436673579
7445,1.50743873507878
7446,3.02019927201977
7447,1.45284258551051
7448,6.18803566443682
7449,7.74508256603952
7450,4.49806895463816
7451,0.812054102829154
7452,3.00801459266874
7453,2.1249983169364
7454,4.29298558769879
7455,6.96920969752425
7456,3.60332698166116
7457,5.61743090353857
7458,1.54087338140138
7459,3.7569821913732
7460,3.65277916234151
7461,0.755712484001001
7462,5.30242188858836
7463,5.28514848876877
7464,3.93167459584971
7465,0.899151915430224
7466,5.72449167455881
7467,5.58881883991325
7468,0.656021005690209
7469,6.71871113320342
7470,7.14042486520094
7471,4.0844581297332
7472,4.13108323199211
7473,0.37511092072637
7474,4.14350953890867
7475,6.72909766861548
7476,5.01227366068057
7477,1.65410964129918
7478,2.53939971912861
7479,3.31006168676032
7480,1.11335680055281
7481,3.8007065713166
7482,4.31326586097549
7483,6.55025774441042
7484,3.89300462338826
7485,2.96223981836093
7486,6.62990069018731
7487,7.2133873028814
7488,1.06306068369195
7489,1.81892231770446
7490,3.97774815865592
7491,1.07820144140782
7492,0.798572599496115
7493,3.10748874669114
7494,1.43497765207164
7495,6.67481545120284
7496,0.862570136819888
7497,4.25623678594323
7498,0.683225218176278
7499,4.63358732707326
7500,3.61688568037216
7501,0.70494115746386
7502,5.03904692995248
7503,2.9223873965343
7504,5.63978445390711
7505,3.28743694707061
7506,6.73427567516293
7507,6.48913354714838
7508,5.32307731059124
7509,4.12291286074012
7510,3.18871475398339
7511,6.84944400676951
7512,4.50594634808253
7513,7.15433475810033
7514,5.98957791855475
7515,3.12018361095863
7516,1.28051242096246
7517,1.95300461688419
7518,7.08882229043641
7519,4.52222648487191
7520,6.97518469463973
7521,4.78934992391948
7522,6.91086138841478
7523,0.973873816278124
7524,3.37134720453284
7525,6.14789987865214
7526,3.19554655466466
7527,3.09430074289466
7528,3.11436837052429
7529,3.04584785800843
7530,4.15802411156873
7531,2.36305692946057
7532,4.50360739055434
7533,2.97624615107004
7534,5.83993919923908
7535,2.68448337530016
7536,1.5882798650137
7537,2.96100320423925
7538,2.58637683739491
7539,6.73472066226589
7540,1.50899334592572
7541,6.90868398078263
7542,4.6627401481308
7543,3.41570437043399
7544,3.40719771766438
7545,7.10691302422072
7546,4.99140279903796
7547,0.775795134350995
7548,3.2533339438395
7549,4.23887007046181
7550,3.28932250636073
7551,5.69925727530273
7552,1.42379265622786
7553,1.36140119834823
7554,3.45260701907031
7555,1.7058483600925
7556,4.36862994398606
7557,1.26827470070517
7558,6.4088557482341
7559,1.66199247193127
7560,2.98260390569086
7561,1.63344787537783
7562,0.846341882038093
7563,7.10629468457389
7564,4.74822960779757
7565,3.19499370971145
7566,2.32477390791608
7567,3.70642223116875
7568,1.42663026879317
7569,3.34709071562594
7570,6.723265742032
7571,3.84204838382655
7572,2.86151384727015
7573,4.0791506152994
7574,1.38828933511825
7575,6.75910329660893
7576,6.08460557541392
7577,3.98633833282796
7578,3.61265573873575
7579,3.80136640957288
7580,3.13799377929493
7581,2.92141594659749
7582,5.95040293202538
7583,4.06566335354599
7584,1.31413813662894
7585,2.26154457914101
7586,1.11989943975716
7587,0.694861374313884
7588,4.71661236803982
7589,3.55340219188377
7590,2.6747807724596
7591,7.03826493557085
7592,2.81972150285675
7593,1.00195278227593
7594,5.13120093280648
7595,7.51556881440183
7596,2.68113012931488
7597,4.11136809666115
7598,2.25326960958843
7599,1.94862485559708
7600,3.82229731514391
7601,0.76421044360871
7602,1.43315276550728
7603,5.22916947330991
7604,6.8236180202027
7605,3.25949479852598
7606,0.950581010713732
7607,1.85835658485882
7608,1.93638899970111
7609,5.99409563763103
7610,1.06491217312139
7611,4.16460427116006
7612,6.76194511048475
7613,2.63843815957611
7614,0.695381892655951
7615,1.02763103076312
7616,3.73678428213496
7617,6.92174226338756
7618,1.08011015687884
7619,4.64451028622051
7620,1.96414319418736
7621,6.95221189371439
7622,3.23444702871944
7623,7.1756110625236
7624,1.70855184401263
7625,4.88026863338198
7626,5.76210650755388
7627,3.76454466782758
7628,4.71208466631874
7629,5.04430604561031
7630,3.98993981034981
7631,1.02742066404537
7632,1.9673273240434
7633,6.70280471243373
7634,7.17186177023634
7635,1.91158305566294
7636,3.54350730208744
7637,3.90920251185833
7638,2.7104062364534
7639,3.94411604881463
7640,0.911673819616606
7641,4.93051837192158
7642,1.05487082869331
7643,3.71272373050618
7644,3.96050920940516
7645,6.50700716356724
7646,4.86873064975654
7647,4.12307280593776
7648,3.54288247837018
7649,6.67057740797629
7650,1.85928277506514
7651,0.405302767325376
7652,0.857133596857031
7653,6.72670812860691
7654,5.27345333668084
7655,5.19893333767696
7656,4.41351979499523
7657,6.53840092036835
7658,7.3541720756462
7659,5.21114975628161
7660,3.96432635376053
7661,1.18388625907868
7662,1.38716461341503
7663,0.808933425189202
7664,4.91044614481188
7665,3.43654272111243
7666,2.54343098104188
7667,2.80001594254152
7668,5.69703832074481
7669,3.76502325719183
7670,5.33013832150068
7671,3.22061858691745
7672,6.19965220983656
7673,6.73083988250175
7674,6.9223355600122
7675,3.80395160958839
7676,0.669347477457745
7677,1.65867638059652
7678,7.06516950178631
7679,7.5194156961082
7680,2.4582254131444
7681,2.10469684061151
7682,1.32205534570407
7683,3.21103743888232
7684,1.21172632492071
7685,0.936197266234098
7686,5.10394501600226
7687,3.87755914291495
7688,6.45858548956675
7689,0.95080284312176
7690,2.60444173635235
7691,2.34407166937399
7692,3.92084111848246
7693,1.76555649739158
7694,1.47988201481632
7695,1.47887550917389
7696,6.79911160502743
7697,0.815715205298662
7698,5.55894851630437
7699,2.86120820611975
7700,6.41032204372229
7701,2.8595503453107
7702,1.55269842093307
7703,3.82881880646535
7704,4.55001261520005
7705,2.55008232538903
7706,5.67838748175297
7707,1.36743806161855
7708,5.4183963117586
7709,6.97832167168245
7710,6.62498837780028
7711,0.885305879832977
7712,6.34182167622861
7713,2.85899035717836
7714,4.44132459486813
7715,2.69087423230339
7716,1.87660362054238
7717,6.55839567449189
7718,5.16091949433099
7719,0.785407932386582
7720,6.37184476128645
7721,5.51395735299076
7722,3.56175690661501
7723,3.43209110029532
7724,6.58567382699134
7725,0.799455781506461
7726,4.40858769158273
7727,1.72658707381236
7728,5.21014737927093
7729,4.17605978534481
7730,4.93423905648652
7731,4.17596345360935
7732,1.4834305709995
7733,6.5660199532853
7734,6.76346236369359
7735,0.604794868213022
7736,5.59201909892339
7737,6.6129313588664
7738,4.85154705885439
7739,6.23378205602874
7740,1.2756727422659
7741,4.00144639860218
7742,6.02632266625763
7743,6.1455066246581
7744,1.22480329988337
7745,3.08746372455217
7746,1.33683813366508
7747,0.77131570929901
7748,2.46867659348986
7749,0.735501052835508
7750,2.91397120110378
7751,1.10527416162978
7752,4.397902146719
7753,4.01466056186298
7754,2.11953713999417
7755,0.780446438917557
7756,0.495676905208282
7757,5.55067594287857
7758,6.07455624042708
7759,3.86191457727752
7760,1.6233093151714
7761,2.33494980698442
7762,0.511058510266293
7763,2.13128232605171
7764,3.12651061568635
7765,1.54830631479732
7766,4.72837892582698
7767,5.60278272189273
7768,1.81240461522234
7769,7.00807464693829
7770,6.47697792471871
7771,3.23501126606081
7772,3.23510385952689
7773,6.56700870280855
7774,2.60947034535295
7775,5.49927257745138
7776,3.88681225527727
7777,2.51041846908387
7778,7.67772046916862
7779,5.34255752771831
7780,0.958974220772547
7781,2.78201172257177
7782,6.45007764343599
7783,2.93448759449881
7784,6.87262882509424
7785,0.715740543097941
7786,1.2267353050203
7787,3.40617572072509
7788,0.953854395837093
7789,6.10563183743145
7790,3.74683554922917
7791,4.41748647179024
7792,5.49547541736365
7793,3.46003214989331
7794,4.94511253197274
7795,6.53871688749582
7796,4.03062824806967
7797,4.93633564348421
7798,3.81014807099847
7799,3.28059066491431
7800,2.63548632637327
7801,3.26707130280191
7802,5.20700945392494
7803,3.98518408044042
7804,6.17132274394716
7805,2.29647535602018
7806,3.61803791758306
7807,6.45984454043029
7808,1.60358241972417
7809,5.11179970825713
7810,2.68427447262298
7811,7.40936548199135
7812,5.00523755662875
7813,0.78770918737563
7814,3.4866184505455
7815,3.59585318723459
7816,2.74776058126245
7817,2.33859877095995
7818,2.29602905698717
7819,5.96802206704005
7820,3.34786659252781
7821,0.401403075832036
7822,2.03390018135522
7823,6.17522734655892
7824,2.54460301021018
7825,0.785225045753066
7826,6.77613152817185
7827,3.98561991653805
7828,2.87584690309423
7829,5.38033457877417
7830,4.85221321679649
7831,5.8953126409535
7832,1.99781830856863
7833,3.75505285946753
7834,7.95770929026928
7835,5.58619688983421
7836,1.84620994353231
7837,4.86793115930964
7838,4.01021804739061
7839,0.951763940387142
7840,0.776380937021439
7841,6.72397306175853
7842,6.7005801041736
7843,1.40498639560405
7844,7.30418524596162
7845,3.49021364350431
7846,7.35622255268271
7847,0.988354880869731
7848,7.20038383659799
7849,4.78802409000361
7850,4.19243194497692
7851,3.30484362519235
7852,3.75136618991895
7853,0.751959013306747
7854,7.47871182456986
7855,3.05021645966976
7856,6.24788691881051
7857,1.10383230581844
7858,3.24853812762909
7859,4.99108760363967
7860,4.46872018082051
7861,7.18949223760244
7862,3.11832842622731
7863,3.00850872912267
7864,6.06040550205411
7865,3.86691725551895
7866,3.38258349415342
7867,1.53673748496464
7868,1.55885394709414
7869,2.89199012642742
7870,6.63202976058688
7871,5.22504937111405
7872,4.17123905718072
7873,0.540272538202036
7874,4.56372561843191
7875,0.793734009066389
7876,1.61422851052729
7877,6.9883432001051
7878,2.33213909580411
7879,0.866994512967291
7880,4.19256969265806
7881,6.73411271374058
7882,2.29245125782809
7883,6.93411743300621
7884,4.65282931133861
7885,3.85971374171117
7886,0.700674850171118
7887,4.34364250669869
7888,1.34726352243466
7889,2.63306380613065
7890,5.80777491883119
7891,6.25625429275189
7892,5.90710030114303
7893,0.879251007105633
7894,0.701038874469359
7895,4.49617834798628
7896,7.23830034098298
7897,3.44898836939039
7898,7.31670178188722
7899,4.28930380627955
7900,3.20057228303405
7901,2.68329976230054
7902,7.23077187411498
7903,0.86823284430532
7904,1.85057226233583
7905,3.54745924167792
7906,6.28172361387138
7907,0.816028805279519
7908,1.5715589254617
7909,0.520510716254896
7910,2.66264227544469
7911,4.17343409267582
7912,2.21291016861002
7913,2.86357951279345
7914,6.02091113553543
7915,7.36349761790965
7916,6.35002036676676
7917,1.55085745323119
7918,1.22856370556573
7919,4.7203543500418
7920,1.33981989985107
7921,5.73317313214781
7922,6.57432193825208
7923,4.67095072653056
7924,1.52233521844376
7925,1.51611211224021
7926,7.76548803190833
7927,3.33532855556701
7928,2.18221440752439
7929,6.4701552635357
7930,0.716085535158662
7931,1.00857155989239
7932,2.32857437077262
7933,3.54118467076533
7934,5.6994339900478
7935,3.22901506132496
7936,6.95646868123054
7937,1.72873351983748
7938,0.640268118648167
7939,0.706133405921972
7940,2.86358059271719
7941,3.66344570921486
7942,4.36064743912494
7943,4.44387488649177
7944,3.24490260114632
7945,6.27269310180742
7946,1.29020869614677
7947,4.41198912647597
7948,1.40869792653314
7949,7.44960836181609
7950,3.38545410725589
7951,2.2649106717078
7952,2.91352183135356
7953,0.878867643055085
7954,5.76893736397265
7955,5.31157059929676
7956,3.09296749406222
7957,3.24832259344019
7958,0.821744074246861
7959,6.85263308911948
7960,7.1360624738635
7961,6.09212149113906
7962,7.11405760306597
7963,1.88429736076276
7964,4.67926420247009
7965,1.13816371240675
7966,6.81516505900444
7967,3.63957213436507
7968,3.98910301077814
7969,6.64896664638986
7970,4.08639507755827
7971,3.49806064667247
7972,1.27832640382286
7973,7.22781413324111
7974,4.12368737216574
7975,3.04522182445532
7976,2.24184154221669
7977,5.62460663500828
7978,4.55701859151849
7979,2.93614255973464
7980,1.08176339319841
7981,6.72074699783836
7982,3.17026762391243
7983,3.48148580543594
7984,0.673981320866656
7985,6.81194255247071
7986,3.19262686933076
7987,6.21436880837167
7988,4.95264971119436
7989,5.02859666555085
7990,4.02704529955443
7991,7.12996758760461
7992,5.57825959599387
7993,3.48531015545548
7994,4.9711161513042
7995,6.61586154824238
7996,6.83243949847353
7997,1.10102970095519
7998,1.9687769312185
7999,1.61840849379047
8000,1.77418495865813
8001,1.20939130044809
8002,2.13079582123187
8003,6.66715139678387
8004,4.20295514296099
8005,3.48172318912751
8006,0.793453371882284
8007,6.12151350356715
8008,2.24604394807529
8009,0.978427790896186
8010,2.37006369070347
8011,4.97089819930008
8012,6.81409118460828
8013,1.47475883908918
8014,6.2811703450954
8015,0.76344080197704
8016,7.48592940748599
8017,4.03198095469997
8018,3.28249422663979
8019,4.45104790328808
8020,4.68521575067449
8021,6.82379887180122
8022,6.19760532462917
8023,1.77252666999828
8024,2.75504962496608
8025,0.659050676703589
8026,7.01876529074708
8027,3.95179539244063
8028,4.15519270809976
8029,3.64747584353789
8030,6.75706220990892
8031,7.4695663555178
8032,4.08915599935549
8033,6.51105585695925
8034,5.1094623398933
8035,7.09786168488614
8036,6.22131514548879
8037,1.20443801116752
8038,6.54334857697029
8039,3.21002972944567
8040,4.00947905515526
8041,0.799122974346711
8042,3.16541817452294
8043,7.167090614819
8044,7.14757750854417
8045,4.09738051641884
8046,5.84069184101234
8047,4.66925654719897
8048,5.86102793172057
8049,5.07895459296775
8050,5.69697811420787
8051,3.10212638668521
8052,2.97268784937836
8053,1.87713814098449
8054,7.04717162778269
8055,7.10567915674379
8056,3.53908577379375
8057,1.37997307391682
8058,3.19477858532079
8059,7.41556146595446
8060,4.91157974290692
8061,7.78168615913162
8062,1.22159992756091
8063,6.35878505720244
8064,0.896679510426287
8065,1.73146405569093
8066,3.23691177659635
8067,4.6189939073886
8068,5.01597518963234
8069,7.04716373440122
8070,2.51898636389373
8071,2.10665808961907
8072,5.40033417137675
8073,5.66775049558
8074,1.53499629912633
8075,7.19121048289735
8076,5.83607392456984
8077,1.29022551509803
8078,6.28580653268052
8079,0.93362072854912
8080,7.25077231780046
8081,2.0692494147692
8082,1.06511219625751
8083,3.71360648405015
8084,2.94582976889702
8085,0.770365117047072
8086,6.2412565624239
8087,3.01764715203762
8088,0.401327695708871
8089,4.70354631433215
8090,6.35257649740174
8091,3.22331021817159
8092,7.50248549036867
8093,6.73553001103534
8094,1.32530153125021
8095,3.56460630626757
8096,7.48064351778665
8097,1.63956362168112
8098,5.46808172158047
8099,7.08884824738959
8100,0.870724897455431
8101,2.00030636050891
8102,0.650719444344646
8103,0.418126828683951
8104,2.9949644982879
8105,4.44912962365548
8106,0.79190956546609
8107,4.63638743658462
8108,2.09312619144072
8109,7.6140338013153
8110,2.31633529718367
8111,1.54506381544575
8112,2.69874371962909
8113,1.27171520361195
8114,0.461773880038397
8115,4.24656825379345
8116,7.07679709715767
8117,5.76787935607416
8118,1.41647274861831
8119,5.64579587523266
8120,3.63309200111149
8121,6.26434944916803
8122,7.11540997453481
8123,4.22706426982319
8124,2.01774674737426
8125,2.9301055535649
8126,1.26694085853784
8127,4.02695290874487
8128,5.26149763846597
8129,3.25673507531985
8130,5.40203366840804
8131,2.59002886434578
8132,3.15555894381321
8133,1.01780882663256
8134,0.845040904446885
8135,3.967040655054
8136,0.800018820559488
8137,3.79483757913568
8138,3.54394485135098
8139,4.3469341154156
8140,4.28761642630381
8141,2.73803667939633
8142,7.14773522574136
8143,3.03246464230104
8144,3.94061458199886
8145,4.04992489703392
8146,6.79593797265047
8147,5.16204574202717
8148,7.23782537952204
8149,2.87587635419233
8150,5.92430458822138
8151,3.55533626347591
8152,3.37325149135685
8153,3.27011410929282
8154,1.10007693000959
8155,6.75924929378753
8156,4.41233428812897
8157,1.8398959178133
8158,6.52661489809294
8159,3.7467676049762
8160,7.20858553644889
8161,5.37852374242921
8162,6.54224469428126
8163,0.639687723224377
8164,1.25628891317146
8165,0.801544648988018
8166,6.14028617594116
8167,0.762479622690505
8168,6.01324684365721
8169,0.860177244910499
8170,3.79171317810116
8171,1.12919474188237
8172,6.97733864525237
8173,5.52026540475978
8174,6.69240321890446
8175,0.780145931726895
8176,1.1254865611799
8177,7.8681994097413
8178,3.5459885370194
8179,4.42782932416882
8180,7.15862494287636
8181,3.45790193458613
8182,1.31480415908043
8183,6.49297716359654
8184,4.30790581151805
8185,3.81812864583185
8186,6.41539126089521
8187,7.52693846853693
8188,3.42534794852125
8189,6.76387829759333
8190,6.80042428772638
8191,7.25106840197088
8192,3.74925166193952
8193,0.697251508395421
8194,3.16894207555921
8195,3.43370091508777
8196,6.13578130186423
8197,5.97754933790381
8198,3.61296935829139
8199,6.65466920126886
8200,0.904096508675172
8201,1.38690433455104
8202,5.44474235676238
8203,7.29767298907166
8204,4.29822252970086
8205,4.45111816957104
8206,1.20947925876877
8207,2.73317947547856
8208,1.45806316158337
8209,3.38758718906154
8210,5.61958791049748
8211,4.29989771185814
8212,5.06194310790703
8213,3.08384172892484
8214,7.2764869583693
8215,2.71879319593022
8216,0.703388469696505
8217,4.25685637114529
8218,2.69542682317846
8219,6.03676831953346
8220,7.05326755169525
8221,1.58202769754512
8222,2.5163829650586
8223,2.13094090662257
8224,0.883515560913686
8225,4.08899215728433
8226,3.71416911986973
8227,2.55616146670972
8228,1.85347763517638
8229,3.99814975662595
8230,3.80920556576124
8231,1.47567005759172
8232,6.16888012749016
8233,2.16095910759909
8234,4.9567706223992
8235,0.387699492594362
8236,6.42595119243539
8237,6.99886790970141
8238,6.81922008124655
8239,1.32571525962706
8240,0.76008285277837
8241,0.729396036395493
8242,7.07981362875333
8243,5.90981397204322
8244,4.67852931380912
8245,1.67260581145057
8246,3.97841665140537
8247,3.9680473369514
8248,0.748444669196368
8249,3.18268972442237
8250,6.78522990345529
8251,4.41231871061834
8252,6.15126178373062
8253,6.33065660662239
8254,1.10933904943396
8255,2.3902570929593
8256,4.19304609289513
8257,5.79637087559798
8258,5.04307814414247
8259,0.890396009628882
8260,3.51283826863247
8261,6.91218521369984
8262,4.06582309233069
8263,4.52174341159909
8264,7.22814527558621
8265,5.34864679565133
8266,3.35250656559483
8267,4.34257683541344
8268,2.69527462294535
8269,1.15107999242333
8270,5.18345783380557
8271,6.65150863714002
8272,4.30694515882001
8273,6.97592363556936
8274,6.87106394692142
8275,5.95710513291737
8276,1.28026156793662
8277,7.01670174769712
8278,0.944400662586954
8279,4.85818737653293
8280,6.7749337597704
8281,1.67975672232838
8282,4.5059773958298
8283,4.67456191933885
8284,4.53049925312356
8285,0.793944931617255
8286,0.696265626115361
8287,6.42165670954477
8288,3.92185748235413
8289,3.90870712119166
8290,2.09308112485311
8291,3.14392424395233
8292,6.63938718472489
8293,6.38751387127081
8294,5.26513084962191
8295,4.1094572534225
8296,4.24043236941217
8297,4.25451865221921
8298,6.61746918862148
8299,1.48889740976445
8300,3.36138144734072
8301,3.55756308284576
8302,4.68479630419568
8303,3.69158858133797
8304,2.1263097389489
8305,3.47800818015962
8306,4.62033299294692
8307,0.764794369676811
8308,5.07584846672297
8309,6.73007489787943
8310,6.61821924972241
8311,7.12315155985706
8312,6.19312735639842
8313,4.59949091182577
8314,3.15738801712881
8315,5.27309060272376
8316,6.95235620525489
8317,3.00408463408259
8318,4.14651002196704
8319,6.89773689207893
8320,3.5138760272698
8321,4.85630046777858
8322,7.12010439776928
8323,3.57165153641369
8324,3.68765600844825
8325,4.55410832867338
8326,1.24530674817905
8327,6.22838979917823
8328,5.28220695128321
8329,1.42494669363499
8330,3.65168479299032
8331,2.17813702276941
8332,2.77995996313176
8333,3.87516441283952
8334,7.15222487974548
8335,1.15650936862963
8336,0.910786183504993
8337,1.68060753388677
8338,3.84701982562439
8339,6.15499245415146
8340,5.88529287540266
8341,1.11334508637785
8342,2.86534799918503
8343,7.026741020708
8344,1.05647937809125
8345,6.69395701161875
8346,3.22212134266442
8347,6.66055974079667
8348,4.93015815877496
8349,6.19932776251442
8350,5.15746647325312
8351,7.03115890389481
8352,6.41119291869118
8353,1.15155610426911
8354,3.64215506228059
8355,1.03364021962992
8356,4.71629971017663
8357,0.783704242645697
8358,1.63067184684379
8359,6.64462045931257
8360,5.99328438074617
8361,3.54982710303145
8362,5.17627768999055
8363,7.62360699895691
8364,1.3743993269038
8365,0.811439339051207
8366,3.92667983633229
8367,4.65190232480553
8368,4.24698219417972
8369,5.95481286749453
8370,4.10295038454188
8371,0.861587220399723
8372,6.97300266141646
8373,1.12739759667068
8374,1.55088673648163
8375,0.700634605954163
8376,5.06810083462383
8377,7.19453847486038
8378,4.92079535697648
8379,1.43325193017231
8380,5.42528358540612
8381,1.33859165766145
8382,1.56459858303573
8383,3.94612123231543
8384,6.34658146719591
8385,2.74910761605418
8386,5.73805497126455
8387,2.80058613161241
8388,3.93163234305061
8389,6.30853954173739
8390,3.62199556985632
8391,4.80347637497125
8392,0.823725536795871
8393,0.819149755869533
8394,7.64745342534443
8395,1.39160215695765
8396,4.48376590092687
8397,1.75881295258259
8398,1.99499582979854
8399,5.6248159875273
8400,1.04754885295165
8401,4.43968108648797
8402,6.66049355778607
8403,1.44559814832974
8404,6.29433547899486
8405,3.30339213960584
8406,6.19047726553324
8407,3.01862124984606
8408,0.840246768415958
8409,6.33023821609012
8410,4.13707998478184
8411,4.74309182344461
8412,0.906734629421545
8413,0.444129535439472
8414,1.73057976676192
8415,2.85316968394747
8416,3.04081842013373
8417,6.88248535114095
8418,4.04055625503559
8419,1.42227239295046
8420,7.2453428650415
8421,5.92285698845124
8422,0.97003380134798
8423,6.89079852412573
8424,5.32197771788592
8425,3.76750073491237
8426,4.24157194854141
8427,3.96193729697266
8428,3.2632997729413
8429,6.62412238735756
8430,5.99980689539154
8431,5.48349989507125
8432,2.21252378639987
8433,5.7122786628024
8434,6.24312773266819
8435,3.02316414416298
8436,7.08929664438144
8437,1.52294132971355
8438,5.1452511286934
8439,6.52510863465741
8440,6.9761979932517
8441,4.67029304190838
8442,6.79881994335779
8443,1.02123115598231
8444,4.54521086841054
8445,1.0410539162112
8446,3.11806533413782
8447,1.12327554720483
8448,0.657014337687916
8449,1.98403206956355
8450,6.63599616463161
8451,6.64400786015002
8452,0.779917739883083
8453,1.38382491833759
8454,7.26199413990168
8455,3.87793496490375
8456,3.63784008369014
8457,6.78054068351572
8458,6.83946273809112
8459,6.16096898941771
8460,1.32056754827442
8461,2.11294464704122
8462,1.46657218755598
8463,5.12178796734246
8464,2.8584224522214
8465,1.03123512683246
8466,0.806164917612925
8467,5.39104596210853
8468,2.15708560123524
8469,6.00530024271384
8470,6.90429599004011
8471,0.723823252112876
8472,7.24630525287053
8473,3.19009796793783
8474,5.40247128463195
8475,1.65526204914634
8476,3.24016653694719
8477,6.76581618253817
8478,3.85797812395556
8479,6.99165594217389
8480,1.46417772981435
8481,1.46353134899476
8482,1.23635150667078
8483,3.67531579394971
8484,7.45434204283302
8485,5.34506149131941
8486,6.55070892652424
8487,3.14573933980952
8488,2.59336816043843
8489,2.04045567609215
8490,6.70354535755524
8491,1.56062042867055
8492,7.8786580134654
8493,4.68179185251871
8494,6.11981970617584
8495,2.89972330146456
8496,3.57188970784855
8497,7.35472448805811
8498,6.65784133045248
8499,1.73159219153922
8500,7.18826091196369
8501,2.80171219195448
8502,4.64217476897688
8503,3.68287265315513
8504,6.01100995887154
8505,0.875136932248735
8506,7.22074882757346
8507,1.6393218997262
8508,5.75127847119126
8509,7.0927220130111
8510,1.19400227335822
8511,4.64466580153534
8512,3.84348451258578
8513,5.8706541734128
8514,6.00046118704198
8515,6.92730148595775
8516,6.28159702024787
8517,4.37515348058084
8518,2.4221374865204
8519,0.811611267041671
8520,1.20948604077667
8521,6.37068142845461
8522,4.15844066907568
8523,3.65538548929847
8524,2.8051865771902
8525,4.17129358698547
8526,7.37044992618621
8527,2.17637770884149
8528,1.00408488503474
8529,7.17643652717974
8530,2.93723969806367
8531,2.500198361395
8532,6.61990134969253
8533,3.05847605579508
8534,6.30927714273349
8535,5.51642096721823
8536,6.02446184409909
8537,5.86508409529072
8538,3.33629218377626
8539,2.14246395795471
8540,6.63721708543322
8541,1.8842149890485
8542,3.1389847396843
8543,4.72761605909167
8544,4.14731525227427
8545,7.05055992386495
8546,4.24254266000512
8547,5.96318121827387
8548,6.11822021067756
8549,2.75933341605666
8550,1.41168069742005
8551,6.69996477081514
8552,6.2072839081341
8553,5.88058361839584
8554,0.862560154704282
8555,4.00006102873008
8556,4.71234927134965
8557,2.86143690570136
8558,1.25520818600297
8559,0.778557045718325
8560,1.16870150790679
8561,6.69645335766509
8562,6.65589325904026
8563,0.662668224145916
8564,6.64263590061954
8565,0.763746512264461
8566,6.07356363458805
8567,5.83902046148561
8568,2.60165355604777
8569,2.66848329661221
8570,7.30577717942073
8571,5.59798519355362
8572,4.14480344195322
8573,7.1734043334161
8574,0.79209272571381
8575,6.6119156057832
8576,7.15479787727592
8577,7.04238719047505
8578,1.5694129861811
8579,1.07389900405646
8580,3.40252491190625
8581,3.87102443656743
8582,1.82512910617626
8583,3.17757001588028
8584,2.97289774441106
8585,5.31668178472628
8586,1.48763453073239
8587,2.36955458599032
8588,5.34126579578529
8589,2.01543152426457
8590,3.46575364573698
8591,1.46847114581518
8592,0.937043267401957
8593,2.66263406151606
8594,6.90615787981764
8595,2.1457985696844
8596,3.61075380870235
8597,7.07957265838004
8598,0.910343607051402
8599,1.35887392422135
8600,2.81945726674197
8601,7.14839655726026
8602,3.35863978119019
8603,5.33550276704517
8604,5.74218901195165
8605,3.09871764978071
8606,5.45260744146372
8607,5.19383892969535
8608,2.66933624424715
8609,4.25510736054348
8610,6.25407108424066
8611,1.10199084034238
8612,0.90643414784321
8613,4.95750430137785
8614,2.49025539394917
8615,3.25711293169443
8616,6.42688233418721
8617,1.93677423011926
8618,6.42912408857991
8619,6.65384467676767
8620,3.8773856480909
8621,3.06368408624841
8622,5.77538581927535
8623,5.13332065661185
8624,3.6079035498957
8625,3.86857862123135
8626,4.87310459035016
8627,6.3285779422211
8628,4.83601951414657
8629,2.72335484860311
8630,4.08499903966966
8631,2.88357759692146
8632,2.28745774229228
8633,0.770532949265242
8634,2.11395989073829
8635,3.64226707662701
8636,6.8014391798116
8637,7.03886089819791
8638,1.08200154477817
8639,4.5663509667492
8640,6.88968871254832
8641,1.32388726600713
8642,4.80185542679812
8643,3.58505305089742
8644,3.33675314406613
8645,4.551114361637
8646,5.75414034431553
8647,6.97324322926092
8648,5.2764974260196
8649,5.49374913837908
8650,7.53887275683395
8651,6.77805197762924
8652,1.75875421066948
8653,6.643042269936
8654,3.64559511444411
8655,3.29343001914415
8656,6.95928104879846
8657,2.65112549423902
8658,6.82431458464326
8659,3.03987901838681
8660,6.03488532111183
8661,4.72926274541284
8662,2.79374388047158
8663,0.971263834701291
8664,5.88109996287901
8665,7.59486472453172
8666,3.70384016825603
8667,1.36801640066026
8668,2.63553412807012
8669,3.89252097784671
8670,6.27150345773982
8671,3.79278832791088
8672,3.83725431316856
8673,0.669663481519565
8674,7.11475036893052
8675,1.32901735057821
8676,2.7804267432281
8677,3.27900264644602
8678,4.06427354622944
8679,3.54123361291627
8680,2.48282681667843
8681,5.1641894300097
8682,2.98770345469372
8683,3.63527630446031
8684,1.48421641606461
8685,7.12168693257471
8686,6.85597414086472
8687,5.41038625811235
8688,6.55606286307585
8689,2.87223650019943
8690,0.98653655857441
8691,6.04091895664257
8692,2.20158730373163
8693,5.32340639364942
8694,0.494973316798661
8695,3.00816489479178
8696,3.98067589519728
8697,2.24939168651075
8698,3.76473539516958
8699,6.49386116357224
8700,3.63175546076126
8701,1.25347955342208
8702,2.48492924189843
8703,4.03872229361333
8704,2.80033680475018
8705,1.09327694968104
8706,5.44207196171167
8707,1.74930041242078
8708,5.60339447156602
8709,2.99808255822149
8710,4.82290729199364
8711,3.55296242031709
8712,3.08543222167865
8713,6.20454432840591
8714,7.00829846870921
8715,1.6503625012572
8716,3.95765959087238
8717,3.3212449509264
8718,1.63408128252018
8719,0.881210729178068
8720,3.65102473202286
8721,1.88629939101772
8722,1.9756318267365
8723,5.44864474328801
8724,6.94505795532815
8725,1.60364444487979
8726,5.11660504048512
8727,4.46748014075917
8728,1.40261488526062
8729,1.42134940835603
8730,3.08036938062991
8731,1.78190324929091
8732,3.78770549636477
8733,4.31356023491186
8734,0.881740628976138
8735,4.0851530069363
8736,0.690430190549316
8737,3.51911868202051
8738,6.36564288504977
8739,1.12876390558315
8740,1.47711304883935
8741,5.78689125566644
8742,1.46692881760454
8743,2.63279527209744
8744,1.1306743522966
8745,7.02949794198935
8746,5.32864761317961
8747,4.06588581474272
8748,3.68700449681325
8749,3.60476274930353
8750,6.43998953037438
8751,1.90103753461935
8752,6.63059417338315
8753,0.978218638728376
8754,4.8758989686219
8755,6.84271961585729
8756,1.69966103846844
8757,3.71793042423621
8758,0.42138561972969
8759,3.81559411780735
8760,3.1194769967688
8761,1.17160141781174
8762,2.76920209896288
8763,3.69399220882152
8764,3.62943512848871
8765,1.63127697949475
8766,2.70260732824763
8767,4.28423762274739
8768,1.00487254756258
8769,3.780591786886
8770,2.89478150668397
8771,0.828370954759787
8772,2.36971677826366
8773,3.56775531706491
8774,1.0018723047338
8775,1.36004178124168
8776,6.57976656907625
8777,5.22451521186781
8778,4.55879236346161
8779,0.792878666205546
8780,0.840210409004767
8781,2.66420068559195
8782,6.01492638655717
8783,2.54759883687389
8784,5.89906476616142
8785,3.38101521205388
8786,2.00974931710235
8787,4.69900502466103
8788,3.28581550033869
8789,6.81423434394283
8790,5.9053978244728
8791,0.92610393145821
8792,1.41757315407887
8793,1.13538681178365
8794,3.07359009151737
8795,2.50723423929196
8796,1.62371320423654
8797,7.22572942148882
8798,7.3351916485211
8799,2.72981333453013
8800,7.60706205562228
8801,6.60919128691287
8802,1.12348088409992
8803,5.3678700038139
8804,2.04182930745435
8805,1.11934948495709
8806,4.69622677093065
8807,0.740212586881168
8808,4.63571557135772
8809,4.62883613799135
8810,6.87222406213056
8811,1.46162247667061
8812,0.68467055629032
8813,5.57305336240141
8814,1.06516769999799
8815,3.93458457925195
8816,1.07085138136889
8817,7.05383234199918
8818,3.01483292044238
8819,6.05573443199214
8820,1.93577798261103
8821,3.54966142232786
8822,3.17417851524674
8823,5.52868018127355
8824,1.41870244971996
8825,3.09794526520917
8826,3.52734803360954
8827,1.16634189643163
8828,4.61950988193227
8829,3.06386485190779
8830,1.49591438024137
8831,0.824821137382947
8832,7.07097018584537
8833,4.88794020530073
8834,6.30058867086687
8835,4.80766346561494
8836,2.34430210463177
8837,6.5222879894399
8838,3.4168857941375
8839,0.773065333918204
8840,3.35312314408755
8841,3.96571696274131
8842,6.01259195199404
8843,7.32397032902124
8844,5.07510092684048
8845,1.57333348595697
8846,1.09497643062949
8847,4.43175584885591
8848,1.63242045244492
8849,1.45201741043451
8850,2.16931512094132
8851,4.02324007128995
8852,3.86235593094506
8853,6.64406459038709
8854,3.71089362719764
8855,4.10763503495657
8856,5.5166045370043
8857,1.77164209846567
8858,3.12163241903806
8859,3.67340150819334
8860,7.09244419089885
8861,3.03852042674386
8862,1.42451668673746
8863,1.38140681559609
8864,1.64523855990114
8865,3.48526195735452
8866,3.89913748457862
8867,7.10948422676199
8868,7.22409416250233
8869,6.09849363986324
8870,5.47016287057215
8871,6.40594314586414
8872,2.78955054979462
8873,3.05825954020487
8874,6.64431906845389
8875,1.86633802199646
8876,1.66400777170036
8877,3.54381142613412
8878,7.44295403137887
8879,7.3487142574974
8880,0.965746711856135
8881,3.58754644033563
8882,4.02920398571154
8883,3.14333112603485
8884,1.48485480364618
8885,6.66756209454391
8886,5.29552293018947
8887,6.33858576005848
8888,5.96057840955361
8889,1.35567919375537
8890,3.07587659890499
8891,0.651403985655061
8892,4.29846083182639
8893,4.89506193119048
8894,4.27800018868949
8895,4.09299831152355
8896,1.72322799285238
8897,3.55396206363775
8898,4.50031403565034
8899,6.50915051095777
8900,5.11051783674386
8901,0.257523636816829
8902,2.25740531619252
8903,5.90233626672339
8904,3.50163468974415
8905,2.80986132546082
8906,7.37432897065197
8907,3.63752219581063
8908,2.09238894686451
8909,0.309764059722316
8910,2.88526186990404
8911,2.89340248254387
8912,1.50650708872406
8913,6.20772582453028
8914,3.27211569574911
8915,6.72531164890601
8916,3.24449140980568
8917,7.11467886310737
8918,5.50941949738432
8919,2.26545600959524
8920,4.04457016585127
8921,5.97445520850225
8922,5.02807015316876
8923,6.81695623792971
8924,3.40653827347349
8925,1.01503625923814
8926,3.62871338124235
8927,3.91688212015019
8928,3.88782646241959
8929,6.56307694252048
8930,1.60007981495965
8931,3.34591997187615
8932,4.86418034237341
8933,5.14918800542198
8934,4.04398735527408
8935,1.30080140678581
8936,3.56866662835559
8937,4.02088022172496
8938,4.269437578163
8939,6.67702666729356
8940,5.15093802438389
8941,0.882528104370911
8942,2.12918930071237
8943,7.01256079247607
8944,2.65648280777575
8945,5.56298838625701
8946,5.30601584189362
8947,3.47627688265265
8948,2.91476860585773
8949,3.80521873985042
8950,5.33148526446336
8951,2.00071990732885
8952,1.79443407518564
8953,3.26689307819262
8954,6.03886803973144
8955,3.44317490739175
8956,3.0322504764369
8957,2.31149351668219
8958,1.62388987471181
8959,3.09722591828376
8960,1.06953559117543
8961,6.95525901448292
8962,2.93762370524829
8963,1.62080463323906
8964,6.19412774171578
8965,4.92939080889075
8966,4.0362583809885
8967,6.82845636043607
8968,4.50605853224949
8969,6.97222560660964
8970,4.05838311933642
8971,3.01831742462901
8972,0.764075826008396
8973,2.19718580794163
8974,2.32313849976455
8975,3.09600603258172
8976,3.83947569124979
8977,4.17253743409315
8978,6.80348624268785
8979,0.872153169456798
8980,7.23503569802235
8981,4.4872318145571
8982,0.872006961237668
8983,1.02582000408469
8984,0.901939449307615
8985,6.84954533228052
8986,6.58418004467327
8987,3.13972437670882
8988,0.726454738471765
8989,4.47080747978792
8990,4.95317486767277
8991,3.45781861556115
8992,5.18865543016156
8993,2.60476477772213
8994,5.61508993313121
8995,1.66462893828051
8996,3.93203895462994
8997,6.93989286379774
8998,5.03286327287619
8999,6.52085598393465
9000,2.65383931057963
9001,3.05528211674558
9002,5.97000121136274
9003,7.19498883052901
9004,2.26414329284582
9005,6.94858321232863
9006,0.214296873892117
9007,4.76869345204025
9008,5.5217016329288
9009,6.30519612103785
9010,0.670053777178938
9011,2.9105577312543
9012,3.95962566261955
9013,5.60217031209945
9014,4.91554282204946
9015,1.28634879098808
9016,1.00055461414527
9017,3.33305133271177
9018,4.04609116686394
9019,5.86784762692813
9020,4.62796996976085
9021,5.73970543126206
9022,3.06643364873225
9023,6.88276271887418
9024,3.82675877017622
9025,7.78545699093511
9026,5.42322825933826
9027,6.89018288981121
9028,4.22187538983973
9029,0.778567042252856
9030,1.62297448899689
9031,4.78338494473009
9032,0.809206522208948
9033,3.2770059397185
9034,1.93509704030204
9035,3.53208412605597
9036,6.0753109391727
9037,2.53316990653111
9038,5.25856601101016
9039,0.540516685152867
9040,4.30388919080004
9041,5.57367576890718
9042,6.77450483867685
9043,1.17576105698273
9044,2.52291594398193
9045,1.13215951081718
9046,4.22730235202214
9047,3.01195985560113
9048,3.44549083198235
9049,1.53262593062994
9050,5.89060258356669
9051,3.73715088569427
9052,4.84421022114359
9053,3.72775427400478
9054,2.72756823004567
9055,1.18298492135986
9056,7.06770480391495
9057,4.51548091747754
9058,7.42294986561767
9059,6.45867304185887
9060,2.46598067047036
9061,1.20960941630729
9062,5.82738568378687
9063,6.10822533055148
9064,5.0374201085367
9065,1.62065475467276
9066,4.02377055219734
9067,3.24763899676602
9068,7.39901958734989
9069,5.34462672944145
9070,0.926516535519957
9071,1.71331993467005
9072,6.94286943055395
9073,6.86637423095456
9074,1.55401627985367
9075,3.65856523940893
9076,1.40115231242126
9077,3.20970151353827
9078,2.68363239624629
9079,7.29028307163866
9080,1.28614140033381
9081,4.94721365944899
9082,1.73714330588692
9083,1.26905573238079
9084,6.38714313365215
9085,1.52515293819751
9086,4.45589616488411
9087,6.80875019240276
9088,7.73406431763831
9089,1.1988997412034
9090,1.90297564367419
9091,3.08410854813703
9092,5.93381340545036
9093,3.39067621583891
9094,4.68294388149643
9095,1.520852999822
9096,6.51187807309969
9097,0.81900162281925
9098,4.53390606561192
9099,6.61138847157937
9100,4.71173848250093
9101,1.84342697792781
9102,1.15965134203826
9103,3.37198930170566
9104,5.81267302327411
9105,0.488229508318234
9106,5.2128865936341
9107,3.07325844419706
9108,6.8376505243711
9109,4.84739289411585
9110,3.5518342593143
9111,0.718130288605275
9112,6.40809009724604
9113,3.67227460932173
9114,4.82729193751774
9115,4.43018665327862
9116,7.7598431135349
9117,5.96734881178299
9118,3.80115835635457
9119,6.47379133426429
9120,5.87154909145069
9121,6.06799343854674
9122,6.71571933377951
9123,2.85612837918749
9124,2.22918699471984
9125,2.78373356782171
9126,2.95894263441355
9127,1.66195083059832
9128,1.4981399228114
9129,1.26509591659339
9130,2.57711934378762
9131,4.02695539174559
9132,2.83182244632369
9133,2.9276155832475
9134,4.00225158064945
9135,0.738898204760657
9136,5.10181767515149
9137,6.6528298114428
9138,2.83216721625138
9139,3.46479588279409
9140,6.07100821255207
9141,7.43314542901351
9142,2.44508377513121
9143,4.7008113547585
9144,6.42456543199292
9145,2.83674013323631
9146,3.64057272205853
9147,4.88909118935184
9148,5.74745341542333
9149,2.11581305983578
9150,0.73314230373233
9151,5.21985669218674
9152,2.85914403922546
9153,5.0911782543937
9154,2.5052681267988
9155,0.7260634885986
9156,4.04825464223394
9157,5.12658103774252
9158,6.91536124794458
9159,5.42957603729711
9160,4.34033702713718
9161,3.00797633974326
9162,6.48289956071939
9163,1.86247873413662
9164,0.748125005469128
9165,6.65399851461725
9166,1.50320278552935
9167,0.475341156152834
9168,0.801300466624365
9169,5.95336550057865
9170,1.61651407534409
9171,1.70745402787776
9172,3.4789400715634
9173,6.80437332294677
9174,4.74197568442791
9175,0.804913394024186
9176,3.87158053837601
9177,2.11229608403952
9178,4.54910609296545
9179,1.63377300385692
9180,3.05146594376523
9181,7.34407944306824
9182,4.71635228474987
9183,6.66118587849163
9184,2.91104658486294
9185,0.454269137243507
9186,6.50502634629539
9187,6.15287708863401
9188,0.825704617866743
9189,0.699361417742774
9190,4.80789623850432
9191,5.2549523526603
9192,4.63663010296742
9193,4.70706207731676
9194,3.29822503038674
9195,5.61872534598694
9196,1.40347831020053
9197,2.579523778322
9198,2.17227895535028
9199,3.86099954047951
9200,4.37399478116139
9201,3.31596454873727
9202,3.10238725148024
9203,3.14367356896421
9204,0.353612943852329
9205,4.13918856816169
9206,2.95777530595766
9207,0.73628240581779
9208,3.29539287753793
9209,1.14522531463961
9210,3.99219306206276
9211,7.26709821944429
9212,3.27687329781119
9213,6.55429932973779
9214,6.92228801314996
9215,3.74543483091337
9216,4.92402613026295
9217,0.939715194933279
9218,2.13199371557915
9219,3.28765870636865
9220,0.766789519930236
9221,2.87059738748427
9222,3.63400608814975
9223,6.62631715823996
9224,1.28763236948629
9225,0.969025961667447
9226,7.21409714069893
9227,5.29635169612868
9228,3.2259316325413
9229,7.05812132717533
9230,2.71848368260012
9231,4.41977293518676
9232,2.96845215799785
9233,4.00121575565005
9234,7.27448156839091
9235,4.06708244639482
9236,5.7878155216555
9237,3.90893332936938
9238,6.47263460010147
9239,1.36670662157012
9240,7.24570356644692
9241,4.13613898685791
9242,7.16938612107707
9243,4.7673021361417
9244,0.804168655739406
9245,3.91810672215083
9246,0.524301071884711
9247,3.75048705621525
9248,5.66447888002263
9249,3.59224907951712
9250,2.67209296370742
9251,7.46614306045996
9252,5.90910397458415
9253,1.02326588627875
9254,6.3700667751295
9255,2.88772475777289
9256,4.4292716150836
9257,7.39056617252833
9258,2.33873246054623
9259,5.09795453685365
9260,6.66843769559715
9261,7.58226913530661
9262,3.21928701057316
9263,2.13081086043289
9264,0.884489401944262
9265,5.1649329991461
9266,6.22353118421914
9267,1.62328008085627
9268,4.13917168696822
9269,3.58618520575218
9270,0.5948632089821
9271,1.33262596870449
9272,2.61021451803693
9273,3.79869266786754
9274,7.07440528718469
9275,5.61546210352793
9276,7.0157468080402
9277,2.73743561984497
9278,5.02299308071803
9279,4.2569594134834
9280,4.77449227334456
9281,7.0900721928837
9282,7.24221878742357
9283,6.93494860270351
9284,5.58700806212682
9285,1.65770787048504
9286,3.09782271145034
9287,1.48408896783666
9288,3.33419261577509
9289,0.759400075257594
9290,3.68811986493448
9291,4.79820569962417
9292,7.36901686313627
9293,3.08393453050267
9294,7.55160372282601
9295,0.855359578725139
9296,1.52802550056712
9297,3.41456376167554
9298,2.28936561063571
9299,0.790375443428267
9300,5.79007453121654
9301,6.97529570449795
9302,1.67875642196315
9303,1.50011135957562
9304,4.64508410444344
9305,3.62174640673465
9306,3.2744371157306
9307,7.04465281180208
9308,6.02287788202516
9309,2.80140215265692
9310,3.23990166154196
9311,4.53617628445306
9312,7.0615800669858
9313,6.14068522553781
9314,6.8857095712826
9315,4.48245265847581
9316,2.38444933828406
9317,6.53710733169401
9318,2.66909394743425
9319,5.2894005162456
9320,4.83849879003687
9321,1.92245796526388
9322,0.758584179013307
9323,3.66665975992154
9324,4.02805549691752
9325,4.26637965453812
9326,7.02752279206165
9327,2.86257075115917
9328,2.35435139272932
9329,4.01175161501725
9330,6.83881881495352
9331,0.721284158598095
9332,4.05992535521713
9333,7.45128101131822
9334,3.85514076722437
9335,1.72600318034791
9336,3.06332844118535
9337,4.03358767942021
9338,7.01787320648351
9339,3.85947084117139
9340,7.68058487315032
9341,6.97794995298678
9342,3.2400284359759
9343,5.89987891305886
9344,7.02379293854094
9345,5.31444373313362
9346,0.749192613820333
9347,1.53495374758462
9348,3.68482519462925
9349,5.31684541153147
9350,6.47875682445593
9351,4.39879992797766
9352,6.96366330315571
9353,5.04202709722671
9354,6.51862321539911
9355,6.99999368787894
9356,0.959689056943349
9357,4.53558790935525
9358,5.41327190579558
9359,2.04629510854263
9360,6.17944736373323
9361,1.15762173167089
9362,5.53065834466961
9363,6.07953052838093
9364,4.66754444834106
9365,0.399097668778682
9366,3.93050835102328
9367,2.89519635562664
9368,6.97538532027596
9369,0.621390943543921
9370,7.29146490398236
9371,1.47474568772398
9372,4.07986424124867
9373,6.7754492989093
9374,7.09450599149015
9375,6.66012819335569
9376,4.88549680744237
9377,5.96894482789503
9378,0.344782388612294
9379,2.31807319920475
9380,5.7150741493459
9381,3.04558159998497
9382,6.45548565589464
9383,5.22417900636638
9384,0.74407731983465
9385,1.15950393876908
9386,2.4046526283258
9387,1.20709398647208
9388,5.74364078338181
9389,1.13876733366474
9390,7.45464966256408
9391,4.32974233130672
9392,3.10042687593473
9393,3.35538891086249
9394,4.90373673751584
9395,1.13976080229342
9396,7.68050566077008
9397,4.44220433726467
9398,4.66535524183329
9399,1.52304458635862
9400,0.788330196516172
9401,6.26415205867064
9402,2.63786983083045
9403,7.21379009265684
9404,4.80453123524587
9405,1.32504395736948
9406,6.68683484379268
9407,0.892811485045233
9408,0.520208667848395
9409,1.69273762616072
9410,4.83104581557519
9411,4.84491520185807
9412,2.67980230168788
9413,3.37448186328125
9414,1.18006754612436
9415,2.63984736599926
9416,2.55069516341624
9417,6.24876191566231
9418,5.23771448146819
9419,0.738433009682562
9420,2.2828278148143
9421,1.02542901484975
9422,1.83027305093216
9423,1.32337791470456
9424,5.90961145258448
9425,7.18955044723288
9426,4.3116534330348
9427,6.66254330338621
9428,1.54408313116677
9429,1.27137870639327
9430,3.09694576721821
9431,3.99583084911181
9432,5.92772760659815
9433,6.72821316492491
9434,7.29728399253558
9435,1.46853818029439
9436,5.69596518191289
9437,7.30114432051091
9438,6.96531275422413
9439,3.64483700392652
9440,3.50344087192256
9441,0.748895686656454
9442,0.834652815496198
9443,7.21461681312685
9444,2.29910967816445
9445,7.49327525304907
9446,3.81765688652946
9447,7.30231823329039
9448,3.94899229508737
9449,2.66357750399424
9450,0.703196967174123
9451,4.38851142452282
9452,4.97327420793911
9453,6.65133683343623
9454,0.936351822877398
9455,0.513951022913216
9456,2.53373274830699
9457,4.07655787669011
9458,4.80617636164779
9459,6.70238891513119
9460,5.04561482996449
9461,2.43374135913092
9462,1.56821067680024
9463,6.95997293652855
9464,2.46068265240426
9465,4.15758561714603
9466,2.34236148390685
9467,5.94858843593545
9468,2.62375930026121
9469,1.84387665897695
9470,3.15222438330926
9471,3.61054706016557
9472,6.34474058296536
9473,6.90605686465886
9474,6.22230799472406
9475,4.04804874204209
9476,7.06442263090847
9477,3.58196124277965
9478,5.84793596153738
9479,2.0368333654039
9480,2.36152692413145
9481,5.98177494846377
9482,3.25202083978646
9483,6.99096967799652
9484,5.26811843362242
9485,6.75047889378571
9486,3.37122766976722
9487,6.86639123121875
9488,1.25954477802057
9489,5.77828369733714
9490,7.44385731970544
9491,4.6917345247539
9492,6.64622040025284
9493,5.61798322862173
9494,5.36981697140136
9495,4.35721133988438
9496,1.87708352443904
9497,1.11018353662456
9498,6.87355480477113
9499,0.865829359242847
9500,6.7509304736803
9501,7.12000777709998
9502,4.02198290912598
9503,6.63075885689293
9504,6.99568695428302
9505,0.988865681813672
9506,3.55746667555648
9507,1.34073534024506
9508,1.20180740064064
9509,2.5367448831317
9510,0.935251889931715
9511,6.43108962156922
9512,4.55879364180758
9513,4.2175023221717
9514,4.25961486417153
9515,6.87480503298999
9516,3.16265130571512
9517,1.11299855461065
9518,1.78500561819445
9519,5.90537997587586
9520,1.57886983319483
9521,7.24892011948018
9522,6.38509917743183
9523,5.80236950477821
9524,1.79396120055306
9525,1.9067913029529
9526,7.13486634794313
9527,0.768773393784858
9528,3.03774021047457
9529,6.77607018299824
9530,3.94162639124251
9531,3.57780228013407
9532,7.06499990825461
9533,3.43867920835534
9534,3.38127914040966
9535,2.03491332173551
9536,1.87402623487824
9537,0.791126013260344
9538,4.51354577198999
9539,5.11350655372808
9540,5.73917074309528
9541,0.909757298068431
9542,4.58192928749678
9543,1.01331619176336
9544,0.769583164681981
9545,1.78231041871106
9546,3.17857258409058
9547,6.67972266540969
9548,2.83279241342572
9549,4.25569022633646
9550,3.72245144967458
9551,3.37802350504036
9552,0.875606396721827
9553,7.60758885076921
9554,3.34057240489073
9555,1.05239681914264
9556,2.83904796331511
9557,3.02216350556673
9558,3.26802545625627
9559,3.56949352990857
9560,6.94510450354615
9561,5.07403149720251
9562,6.21478715516411
9563,3.19383032792032
9564,6.16880884891203
9565,3.66345790188775
9566,7.5092790097595
9567,0.480848571015841
9568,6.61911389451215
9569,3.81996362329731
9570,2.35274092917328
9571,7.25269576035009
9572,3.46021994085828
9573,4.4796220886347
9574,1.1798546892607
9575,1.71475943808138
9576,1.33006222585109
9577,1.34642962037252
9578,0.856002752033699
9579,3.58180378615818
9580,7.23408144384628
9581,0.885872409615115
9582,1.47529621404898
9583,1.61002189195294
9584,3.72389262789272
9585,1.1631184886488
9586,5.8059179122964
9587,3.76284761536241
9588,4.96970820590057
9589,7.45150948383467
9590,1.37954674496527
9591,0.92725513240819
9592,1.36038164753752
9593,1.02934320772634
9594,0.795751580557692
9595,6.97530818339975
9596,4.38489389150802
9597,3.4482831797318
9598,3.31180688153581
9599,6.62493768169171
9600,4.34167054615124
9601,0.918385333249803
9602,2.51852269030121
9603,4.32568117400152
9604,3.79838334655716
9605,4.90241302084138
9606,5.90140791489853
9607,1.15504608237147
9608,6.32671640175082
9609,1.51064044325068
9610,1.34824138720328
9611,6.58422658629705
9612,2.43669380178931
9613,0.739045140727351
9614,1.31965028896298
9615,4.36035649119769
9616,3.17837018990987
9617,5.66933164928593
9618,5.55052811004259
9619,1.14633469541649
9620,1.63917518508732
9621,3.15465158972315
9622,3.86745668439282
9623,3.22459518851832
9624,0.910692149143494
9625,0.652138332227476
9626,4.64353964002658
9627,1.02402889561794
9628,2.15355914530411
9629,4.68261871106334
9630,0.906397459547976
9631,3.92546929919869
9632,5.15788465213967
9633,5.69523287451093
9634,5.64851416724513
9635,1.97588352990586
9636,4.8049569656818
9637,3.49405391294902
9638,1.3404907123447
9639,3.78575507561901
9640,3.77259300701193
9641,5.83808507520838
9642,1.81597438750219
9643,2.86090692752589
9644,3.78639751816508
9645,0.787475366807386
9646,4.41131297907831
9647,6.71111890452361
9648,3.59484590689464
9649,2.92644236766108
9650,2.07123322687813
9651,6.98851131017687
9652,7.43674614397367
9653,1.65135443502276
9654,4.61194926419401
9655,0.995259667962934
9656,3.55780985457307
9657,5.85777872257561
9658,2.80460550071161
9659,0.81335726708355
9660,0.798604567972029
9661,4.45393934304524
9662,2.2490808183333
9663,6.40608497813514
9664,4.67774160147066
9665,6.750107414573
9666,4.28939491016147
9667,3.56279566042252
9668,0.766906234202027
9669,3.65526310640161
9670,4.0856333530872
9671,5.24033406219334
9672,7.2709256397035
9673,1.71153881631906
9674,1.73807541915918
9675,5.27205775545675
9676,7.06098464005349
9677,7.12323509792868
9678,5.91961078590231
9679,0.928343893157459
9680,6.56500807401512
9681,5.60312192251711
9682,3.32648171281785
9683,1.09528723107846
9684,1.40958601980503
9685,2.65036562618931
9686,3.04941258130385
9687,5.05622643956066
9688,1.55294945804066
9689,0.685229072950701
9690,1.61176978714265
9691,1.24393189892389
9692,6.59723273930493
9693,1.48379081089279
9694,6.58467646331625
9695,7.26492726908184
9696,4.75525033543427
9697,1.5327526886233
9698,0.728125812305706
9699,5.01362668978105
9700,3.4979522972708
9701,0.995452047200847
9702,3.68686093545649
9703,4.05395533819637
9704,3.31880281353472
9705,6.31763817434946
9706,3.71211705838806
9707,2.61454880177703
9708,7.02668262295299
9709,2.02943587409242
9710,7.16627388173597
9711,7.1329830513239
9712,3.08551634792621
9713,3.92826310573407
9714,4.82443727680006
9715,2.57332138309858
9716,5.74829668870567
9717,5.04680946696946
9718,6.63685971695276
9719,7.18159490872477
9720,1.36413650837737
9721,5.76794930412692
9722,0.980333619575926
9723,4.95423953099691
9724,2.31147809114909
9725,4.39700633566493
9726,6.49398765860324
9727,1.50879228597322
9728,6.07718481376395
9729,7.21209414822922
9730,3.85400099305861
9731,5.90167845454544
9732,3.23141400317082
9733,6.64390731257302
9734,7.01414284570175
9735,5.23923783554564
9736,3.17821534099184
9737,2.74902347005527
9738,3.35640142215388
9739,1.46805387039367
9740,0.738750212611634
9741,1.42624314801908
9742,3.3283818629437
9743,2.79186054632021
9744,4.00830106114241
9745,2.97639845019952
9746,4.1776400542996
9747,0.329177087243243
9748,0.720559022597768
9749,2.35665866654991
9750,2.71677857083971
9751,6.32102800252055
9752,3.08444241987904
9753,2.82278175334806
9754,2.17285473816927
9755,6.03842616697256
9756,3.1732780098038
9757,5.13712007846026
9758,3.85519278984607
9759,5.1853036789749
9760,0.933765123512418
9761,3.19319692414055
9762,3.47078298143392
9763,3.8664914476784
9764,5.50362332725129
9765,5.52659316280155
9766,6.81709924736312
9767,6.00507692337386
9768,1.30009140863564
9769,1.26307130591825
9770,1.74632694905114
9771,0.817457133068078
9772,0.771384035773206
9773,1.13087233981632
9774,4.6183258767598
9775,5.06007661994066
9776,4.71527531378087
9777,6.7903031021708
9778,7.38689379622328
9779,2.85415534995217
9780,3.51408213853228
9781,4.1083613720181
9782,2.72798621784886
9783,7.08212985166038
9784,3.01549872863091
9785,1.15505344391633
9786,1.4396805312947
9787,2.30721993954675
9788,1.19423651099522
9789,7.075675148988
9790,5.29496711930043
9791,1.23452508611122
9792,3.71426174365657
9793,2.06047340741578
9794,4.75915174306228
9795,6.46233721412811
9796,6.61259813156628
9797,1.16476511282968
9798,2.75357438636547
9799,5.87667220642727
9800,1.36561962848568
9801,4.9582048790164
9802,3.20000579445291
9803,3.59687746634547
9804,3.07177225804075
9805,3.33124277854421
9806,7.76301019681302
9807,5.66069159244675
9808,1.41713670807102
9809,5.06695659319948
9810,2.66769993736842
9811,1.56005163889331
9812,3.90447763058265
9813,1.78665912896878
9814,7.08925012480349
9815,2.54016256144907
9816,0.726673123042595
9817,1.94943802459237
9818,6.36689450525769
9819,4.07467440328886
9820,4.16072919069385
9821,2.9925386327669
9822,1.19930706049826
9823,1.79822492695492
9824,0.836860719962651
9825,6.57760365531107
9826,0.919154496147234
9827,5.89670258730073
9828,1.466441741368
9829,3.13774590831031
9830,1.11647138740159
9831,0.321826673935961
9832,1.56096445858312
9833,2.26357433238067
9834,3.49670282013936
9835,3.3588886008666
9836,2.20468138314908
9837,7.85098532645275
9838,1.22531018951984
9839,6.60236137035261
9840,6.27544343887461
9841,6.95618106199366
9842,5.48373414062057
9843,4.02196207651535
9844,5.90933112556524
9845,6.44553132647261
9846,7.26522367054178
9847,3.6119826027435
9848,0.174502281839067
9849,1.80280379483977
9850,6.44380800037773
9851,2.42615043926236
9852,2.31378806980596
9853,6.05430219071314
9854,2.95694092615641
9855,4.26856791275726
9856,2.28270177194441
9857,5.44252654522128
9858,6.33154359703322
9859,0.729347024143376
9860,1.46025507649532
9861,4.41010305724655
9862,4.44470472379788
9863,1.01787037959109
9864,4.13968265964231
9865,6.74556856005773
9866,6.22257584827002
9867,3.44497187982862
9868,2.55451423796312
9869,7.60571215294534
9870,1.14945539053173
9871,3.50445453405514
9872,2.81394124388006
9873,1.06085883269874
9874,6.568584418033
9875,1.66912148443456
9876,0.832583319079469
9877,3.28256421799631
9878,5.01928454410418
9879,4.68246420953497
9880,2.68429598654784
9881,2.51572667972368
9882,0.774685521608232
9883,5.59970984703238
9884,1.33983277887133
9885,1.23599839362943
9886,7.64926695907017
9887,5.08579845657367
9888,5.23194548066324
9889,4.04215638007903
9890,5.88973106478644
9891,0.998565664901542
9892,4.57592783973447
9893,1.17754414472467
9894,6.95054554831872
9895,7.08425726280052
9896,0.801872463854574
9897,6.60674333499044
9898,0.730063350878539
9899,1.48683263776147
9900,1.4150774608611
9901,7.0082432876665
9902,6.96404919643013
9903,3.4413575507627
9904,3.44112308716658
9905,3.69829345361021
9906,3.25822078828141
9907,3.0272866506854
9908,0.569014821035345
9909,3.0821380218966
9910,1.16307537174513
9911,3.04364733174765
9912,6.20533687108826
9913,3.81810992763064
9914,2.80410073565524
9915,3.18761833468201
9916,6.80757080360041
9917,0.456035558950527
9918,6.77539316922133
9919,6.23820659950292
9920,5.51057286639091
9921,5.29940362829545
9922,6.68082364778678
9923,6.76411079212439
9924,4.26289116153083
9925,1.30504112149887
9926,2.80885773508284
9927,1.3612823885541
9928,3.29260284289086
9929,0.987689403749318
9930,3.81292108380872
9931,3.28178891957527
9932,2.55211124934924
9933,2.69896620415353
9934,0.942616144580461
9935,3.35995418639471
9936,0.811092411758218
9937,7.21899592769431
9938,7.74893182108575
9939,1.64752990173616
9940,0.851457573777692
9941,6.18322827423496
9942,1.38121794591492
9943,3.50747025307316
9944,3.3449851283976
9945,4.27119027361206
9946,1.50883093443071
9947,1.26062837500837
9948,1.69492690777387
9949,5.52813393281099
9950,2.3233350136079
9951,3.46443495052177
9952,1.09580910836609
9953,5.79687693324834
9954,1.14555727028348
9955,1.2326204338542
9956,3.91823326718649
9957,4.05253980771035
9958,1.5538553094284
9959,0.450430047300846
9960,3.92282494122629
9961,2.92277395985114
9962,0.841797021173779
9963,5.32328594099778
9964,3.54797451506756
9965,3.84668322966449
9966,4.44334404736822
9967,6.04101586960874
9968,0.995807506553232
9969,3.23041595329673
9970,6.39048758796932
9971,6.18690399464627
9972,3.44416136477906
9973,5.86326108086808
9974,6.8650803933994
9975,6.30172660164523
9976,6.65203018499476
9977,7.06453920536324
9978,2.25177020741884
9979,5.59781952338042
9980,4.3756171746113
9981,5.73697891141735
9982,0.996039371231692
9983,7.16808938401331
9984,3.2062165078717
9985,4.52644769087172
9986,3.95412166569253
9987,6.99495594891723
9988,4.13505210218342
9989,2.62188520584118
9990,6.992418603648
9991,6.26147324431422
9992,6.45028977202876
9993,4.47900690507773
9994,7.1327978770067
9995,3.24782354518012
9996,7.05370361975131
9997,0.958455013421597
9998,7.16424164373345
9999,6.77986497287929
10000,5.1739208830088
10001,6.96190770876522
10002,3.57133866614168
10003,1.31347994205562
10004,5.85008342244649
10005,1.21336641845461
10006,0.849498362548134
10007,6.14485814241639
10008,1.52863667134698
10009,1.40458333636594
10010,4.04718427279269
10011,3.3792048428205
10012,1.48496063257949
10013,5.91548881141829
10014,3.2248920933017
10015,6.35327964701257
10016,3.03946534923993
10017,1.98375983757501
10018,3.75134353756416
10019,4.37247593455732
10020,3.23957324882443
10021,5.89830415816826
10022,1.41884454581962
10023,6.14180910654485
10024,0.70873979098778
10025,3.32068744939503
10026,5.61436143540284
10027,6.13716797504851
10028,3.57543559643704
10029,5.81526516434829
10030,6.04692291476325
10031,1.17417702043514
10032,3.99969461922059
10033,6.07820138028685
10034,4.92443525758954
10035,0.884783180543595
10036,7.18362217000276
10037,0.757095034415096
10038,2.74613852479744
10039,3.19612790593436
10040,6.42497391806737
10041,1.10042483128298
10042,2.04665859659409
10043,0.695971902082761
10044,3.87566802302054
10045,1.50489638747912
10046,4.04930209510726
10047,5.91102646974494
10048,2.20482266344587
10049,6.66665822677083
10050,4.11364404635564
10051,1.73877347212997
10052,1.16083947978054
10053,3.39127155733969
10054,2.88483773221209
10055,1.22898991308597
10056,5.74863866668625
10057,3.44365301837079
10058,3.33629756786743
10059,1.94807662802708
10060,6.84038363780713
10061,3.49567851418418
10062,5.75505063619975
10063,7.82683369553309
10064,4.15016637772125
10065,3.15627937074236
10066,2.98494608863822
10067,1.2187404708016
10068,6.89480030527958
10069,3.44055327710537
10070,2.37819035862702
10071,6.70662740266039
10072,6.40930961120799
10073,3.15230304441552
10074,4.79002067661204
10075,7.25383755999804
10076,3.87254761722407
10077,5.08329289619623
10078,3.82826148499239
10079,6.85771863989776
10080,1.43362026060294
10081,4.4635167190687
10082,1.71478554407162
10083,2.62669681734681
10084,6.89861616805618
10085,4.07302015545585
10086,4.13978153739042
10087,6.47890061887172
10088,6.38543032889669
10089,5.42690576230606
10090,4.81658182375064
10091,4.02012915698458
10092,5.79501783576298
10093,6.93311149981279
10094,2.07756355351328
10095,0.843572419363611
10096,0.746820790349901
10097,1.11989063130327
10098,0.812973254157555
10099,7.41204593408205
10100,0.353894038481877
10101,6.75833921074737
10102,0.900478190409597
10103,4.06853287180308
10104,6.9940560918459
10105,5.45286400657601
10106,4.78708394831291
10107,0.819902571634001
10108,1.27728562309666
10109,6.15179820807223
10110,0.921129176590897
10111,0.920685405598383
10112,2.21092059915601
10113,3.65831805999538
10114,1.68528885521613
10115,4.59854036284791
10116,4.94847799834135
10117,1.40729981555379
10118,5.00744359473021
10119,5.07216320658785
10120,7.56679512718158
10121,3.27759997489061
10122,6.37245345210888
10123,4.79866659244212
10124,0.755099804170001
10125,3.25218174578682
10126,4.0874692518357
10127,4.80998929419703
10128,2.06733826119441
10129,5.30144667548945
10130,3.02386261196716
10131,5.46553528183366
10132,0.994319165813352
10133,1.72486288290609
10134,6.74915391562813
10135,1.52053735394442
10136,7.21684417726064
10137,3.93306313014144
10138,1.79106383729737
10139,1.48858788208387
10140,3.44125398970345
10141,6.6679916225662
10142,7.54700664453123
10143,6.57748655491292
10144,2.80124868802907
10145,0.848515886856258
10146,1.72208512655892
10147,5.63020906740541
10148,5.74393413962488
10149,5.438591539512
10150,3.11486819523356
10151,1.11054007138666
10152,3.06447561442848
10153,2.84758736669601
10154,4.66564081063877
10155,2.18180156931394
10156,2.77295106832622
10157,2.7221267961396
10158,1.13474818687169
10159,0.808879953483407
10160,3.21187849474616
10161,7.84511956670642
10162,6.94863011667329
10163,3.15251590421477
10164,3.96962348596335
10165,0.949438017335959
10166,3.08577334736064
10167,3.80509996601607
10168,7.23385926863103
10169,6.59420641235855
10170,6.40066012819828
10171,1.65222487333688
10172,2.21302409463805
10173,1.11383280911257
10174,6.29918346649471
10175,3.15740874378157
10176,6.60940024284582
10177,4.07013773577163
10178,7.44143995231264
10179,3.29956756234878
10180,6.91476234016248
10181,2.28965704665433
10182,3.20145738022563
10183,4.93429484456138
10184,4.75923862795097
10185,1.52931150905913
10186,4.40163699103676
10187,0.887934653662344
10188,7.46934243966354
10189,4.84505016998254
10190,1.62813416888715
10191,5.23377961326214
10192,0.805541424640089
10193,5.23230471032538
10194,0.755258746753521
10195,4.41956929933801
10196,6.79435026252562
10197,4.95402207947847
10198,1.54954957769401
10199,0.370862526737171
10200,5.89970092244693
10201,4.50835531463507
10202,6.5149610703972
10203,3.68260261302987
10204,4.78682382956528
10205,3.17226072614122
10206,4.87053665228631
10207,4.23734859909042
10208,7.36592373264051
10209,1.24396297405521
10210,4.82136026613661
10211,1.55457064148958
10212,4.32560214345982
10213,6.6533556793708
10214,0.7684159893196
10215,5.54149022511241
10216,1.83005061143502
10217,1.40008864079508
10218,4.48269560735733
10219,0.829020982906694
10220,5.07322471840886
10221,3.02428942854559
10222,4.70751257984409
10223,6.33027006808453
10224,6.13733905417139
10225,3.09094053414098
10226,2.96146125877633
10227,0.737346535488306
10228,2.16632679306613
10229,5.52146692041228
10230,2.76630020490603
10231,6.37436365200166
10232,3.26020971782944
10233,6.45898234201918
10234,0.832028456540439
10235,0.67642291280528
10236,1.49895004591712
10237,5.0942924339862
10238,3.39924387199357
10239,0.460102363243554
10240,5.75480030860543
10241,6.38879071574856
10242,0.724337783160129
10243,1.06402952213563
10244,0.68707593992599
10245,1.34282927384784
10246,5.38129417702837
10247,4.28243162917438
10248,0.777687366481474
10249,1.7844000748321
10250,6.84048743348446
10251,7.04250819368478
10252,4.06880862750904
10253,3.20524054068801
10254,7.34055024206229
10255,3.04383203245394
10256,3.94726437250219
10257,1.77473225046528
10258,6.91434668778757
10259,4.16190876044162
10260,6.72764201851838
10261,1.47869529674987
10262,6.50431713018571
10263,2.08976816419312
10264,2.5781525477261
10265,6.9616852240724
10266,4.86960282279236
10267,4.77986684598587
10268,1.37923183709384
10269,1.2864787601529
10270,6.95354851949207
10271,3.3789436162597
10272,6.18901845865152
10273,6.2273680831444
10274,6.6227734141223
10275,4.60232497642869
10276,5.97730323506849
10277,7.45109019376031
10278,3.90220413667724
10279,3.35830588140261
10280,0.87904015634291
10281,2.95324643591793
10282,3.13209838517144
10283,6.34970850745598
10284,1.39880461656285
10285,4.45400331925508
10286,3.24551738402402
10287,0.720506371383345
10288,2.7141074512614
10289,6.61991545176677
10290,6.8991553516666
10291,7.31818189773157
10292,1.28994868571048
10293,6.85382988957701
10294,1.17992852572015
10295,1.29024577874151
10296,0.733998729352289
10297,6.67814708011481
10298,3.9267135483207
10299,6.19756987630339
10300,6.32178672701683
10301,7.03854423115305
10302,0.714948466216508
10303,3.68584695765153
10304,7.20685249356494
10305,2.83058620340584
10306,7.23875461995493
10307,3.93138318557291
10308,7.27853343211163
10309,6.3953837804648
10310,2.9003837601654
10311,4.63187273278995
10312,0.735474678164613
10313,2.56981338291264
10314,0.937737598838342
10315,4.17670354776426
10316,3.0313232944188
10317,3.71242815746858
10318,6.57059175051522
10319,3.18957740341633
10320,5.36875973992118
10321,7.09106034826524
10322,0.671839235127342
10323,0.932224326144789
10324,1.42282345401925
10325,0.795483709414151
10326,2.29372750644203
10327,7.21924989175896
10328,5.85037479646938
10329,2.37482151266921
10330,0.426238628200173
10331,3.13029237291637
10332,4.78409758031562
10333,0.953881495627041
10334,0.801695294880845
10335,5.26886550203706
10336,3.66024173519818
10337,4.53591646915251
10338,4.18554543968875
10339,6.11886293075169
10340,0.440181256423084
10341,6.60898626043873
10342,5.773078919734
10343,1.74446339359563
10344,2.95888254554482
10345,2.74931762185813
10346,3.10277934800934
